AAA,ACA,0
AAA,AGA,1.84
AAA,ATA,1.84
AAC,ACC,3.34
AAC,AGC,6.67
AAC,ATC,0
AAG,ACG,1.48
AAG,AGG,0
AAG,ATG,2.95
AAT,ACT,0
AAT,AGT,1.96
AAT,ATT,1.96
ACA,AAA,3.75
ACA,AGA,5.5
ACA,ATA,11.24
ACC,AAC,5.15
ACC,AGC,0
ACC,ATC,7.72
ACG,AAG,0
ACG,AGG,0
ACG,ATG,7.13
ACT,AAT,0
ACT,AGT,0
ACT,ATT,0
AGA,AAA,5.5
AGA,ACA,0
AGA,ATA,0
AGC,AAC,17.81
AGC,ACC,0
AGC,ATC,0
AGG,AAG,3.92
AGG,ACG,0
AGG,ATG,0
AGT,AAT,4.09
AGT,ACT,0
AGT,ATT,4.09
ATA,AAA,0
ATA,ACA,13.34
ATA,AGA,0
ATC,AAC,0
ATC,ACC,2.95
ATC,AGC,0.98
ATG,AAG,0
ATG,ACG,7.17
ATG,AGG,1.79
ATT,AAT,0
ATT,ACT,0
ATT,AGT,1.24
CAA,CCA,0
CAA,CGA,7.68
CAA,CTA,0
CAC,CCC,4.04
CAC,CGC,10.1
CAC,CTC,4.04
CAG,CCG,1.5
CAG,CGG,8.98
CAG,CTG,1.5
CAT,CCT,5.38
CAT,CGT,2.69
CAT,CTT,5.38
CCA,CAA,3.43
CCA,CGA,0
CCA,CTA,10.29
CCC,CAC,0
CCC,CGC,0
CCC,CTC,9.77
CCG,CAG,0
CCG,CGG,3.91
CCG,CTG,19.53
CCT,CAT,5.45
CCT,CGT,0
CCT,CTT,5.45
CGA,CAA,38.61
CGA,CCA,0
CGA,CTA,0
CGC,CAC,21.47
CGC,CCC,0
CGC,CTC,7.16
CGG,CAG,18.78
CGG,CCG,0
CGG,CTG,2.35
CGT,CAT,5.11
CGT,CCT,0
CGT,CTT,0
CTA,CAA,0
CTA,CCA,52.88
CTA,CGA,0
CTC,CAC,0
CTC,CCC,3
CTC,CGC,0
CTG,CAG,1.62
CTG,CCG,6.49
CTG,CGG,3.24
CTT,CAT,1.46
CTT,CCT,1.46
CTT,CGT,0
GAA,GCA,1.53
GAA,GGA,9.16
GAA,GTA,0
GAC,GCC,1.88
GAC,GGC,5.63
GAC,GTC,0
GAG,GCG,0
GAG,GGG,2.65
GAG,GTG,7.96
GAT,GCT,0
GAT,GGT,1.2
GAT,GTT,0
GCA,GAA,0
GCA,GGA,3.69
GCA,GTA,14.76
GCC,GAC,2.94
GCC,GGC,1.47
GCC,GTC,4.41
GCG,GAG,0
GCG,GGG,0
GCG,GTG,9.46
GCT,GAT,2.19
GCT,GGT,0
GCT,GTT,13.12
GGA,GAA,18.06
GGA,GCA,0
GGA,GTA,3.01
GGC,GAC,13.23
GGC,GCC,0
GGC,GTC,0
GGG,GAG,14.57
GGG,GCG,0
GGG,GTG,14.57
GGT,GAT,7.49
GGT,GCT,0
GGT,GTT,11.23
GTA,GAA,0
GTA,GCA,22.02
GTA,GGA,2.75
GTC,GAC,0
GTC,GCC,5.26
GTC,GGC,0
GTG,GAG,0
GTG,GCG,32.5
GTG,GGG,0
GTT,GAT,0
GTT,GCT,9.58
GTT,GGT,0
TAA,TCA,2.22
TAA,TGA,8.87
TAA,TTA,2.22
TAC,TCC,0
TAC,TGC,9.57
TAC,TTC,4.79
TAG,TCG,8.94
TAG,TGG,8.94
TAG,TTG,8.94
TAT,TCT,2.56
TAT,TGT,0
TAT,TTT,0
TCA,TAA,0
TCA,TGA,0
TCA,TTA,34.99
TCC,TAC,0.45
TCC,TGC,1.72
TCC,TTC,1.72
TCG,TAG,0
TCG,TGG,7.37
TCG,TTG,29.47
TCT,TAT,0
TCT,TGT,0
TCT,TTT,5.5
TGA,TAA,14.77
TGA,TCA,0
TGA,TTA,5.91
TGC,TAC,26.4
TGC,TCC,0
TGC,TTC,0
TGG,TAG,12.49
TGG,TCG,4.16
TGG,TTG,0
TGT,TAT,1.88
TGT,TCT,1.88
TGT,TTT,0
TTA,TAA,9.54
TTA,TCA,28.62
TTA,TGA,4.77
TTC,TAC,1.54
TTC,TCC,15.39
TTC,TGC,0.77
TTG,TAG,0
TTG,TCG,17.92
TTG,TGG,7.17
TTT,TAT,1.44
TTT,TCT,0.72
TTT,TGT,0
